name,lat,lng,hex_id
七虎公園,25.136499,121.502059,894ba0b4967ffff
七星公園,25.136619,121.503021,894ba0b4967ffff
八仙公園,25.120286,121.502916,894ba56964bffff
大豐公園,25.13194,121.50373,894ba5696d7ffff
中央簡易公園,25.128099,121.499923,894ba5696dbffff
中庸1號公園,25.13804,121.501243,894ba0b4967ffff
丹鳳公園,25.12648,121.510978,894ba56960fffff
公館公園,25.12799,121.506431,894ba56961bffff
天狗庵遺址,25.135929,121.506668,894ba569683ffff
文化1號公園,25.136535,121.496462,894ba0b497bffff
文化2號公園,25.13643,121.496841,894ba0b497bffff
文化3號公園,25.137699,121.494712,894ba0b4947ffff
北投258號綠地(承,25.1019,121.51245,894ba0a619bffff
北投2號公園,25.13705,121.508221,894ba569683ffff
北投公園,25.13656,121.50473,894ba569693ffff
北投社三層崎公園,25.14574,121.491156,894ba0b498bffff
石牌公園,25.116359,121.51036,894ba0a65a7ffff
立農公園,25.118789,121.503509,894ba56964bffff
吉利公園,25.11901,121.508369,894ba0a65b7ffff
同德公園,25.12507,121.529449,894ba56904fffff
地熱谷公園,25.137559,121.510978,894ba569687ffff
行義公園,25.125389,121.52523,894ba56904bffff
奇岩1號公園,25.128339,121.503698,894ba5696cfffff
奇岩二號公園,25.126499,121.503692,894ba5696cfffff
奇岩三號公園,25.12598,121.505218,894ba569657ffff
東華公園,25.121839,121.507072,894ba56964fffff
林泉公園,25.14133,121.51482,894ba56944fffff
知行公園,25.119729,121.466651,894ba0b4a17ffff
長安公園,25.135559,121.50016,894ba0b4963ffff
前山公園,25.150576,121.548443,894ba56952bffff
建民公園,25.104744,121.519809,894ba56924bffff
泉源47號公園,25.142099,121.512458,894ba569443ffff
泉源48號公園,25.141939,121.507156,894ba0b4927ffff
洲美(公4)公園,25.100089,121.506347,894ba0a656bffff
洲美蜆仔港公園,25.100997,121.511186,894ba0a619bffff
致遠公園,25.11127,121.515052,894ba5692cbffff
重三公園,25.140159,121.489288,894ba0b49cfffff
振華公園,25.115169,121.518852,894ba5692c7ffff
振興公園,25.118219,121.52304,894ba569213ffff
桂花公園,25.13791,121.510223,894ba569687ffff
桃源公園,25.138069,121.482757,894ba0b4837ffff
健行公園,25.12121,121.508827,894ba56967bffff
崇仰公園,25.12609,121.51106,894ba56960fffff
清江1公園,25.12391,121.502479,894ba569653ffff
清江二公園,25.12368,121.501892,894ba569653ffff
軟橋公園,25.103102,121.517613,894ba0a6187ffff
復興公園,25.13969,121.503227,894ba0b492bffff
開明公園,25.14113,121.505317,894ba0b492fffff
陽明公園,25.159016,121.539011,894ba56958fffff
新興公園,25.13934,121.48703,894ba0b4953ffff
溫泉綠地,25.138933,121.512342,894ba56944bffff
聖景一公園,25.12045,121.46351,894ba0b4a13ffff
聖景二公園,25.12038,121.46381,894ba0b4a13ffff
聖景三公園,25.12046,121.46382,894ba0b4a13ffff
榮光公園,25.11472,121.51429,894ba5692dbffff
榮富公園,25.114229,121.524726,894ba569203ffff
榮華公園,25.110549,121.521987,894ba569257ffff
福星(公1)公園,25.108828,121.512326,894ba0a6523ffff
稻中公園,25.138629,121.48928,894ba0b4953ffff
稻香公園,25.140949,121.488578,894ba0b49cfffff
線形公園(一德里),25.129796,121.471619,894ba0b487bffff
線形公園(中央北路3,25.13687,121.48244,894ba0b4823ffff
線形公園-芝山明德段,25.112372,121.517139,894ba5692cbffff
學園公園,25.128269,121.466346,894ba0b484bffff
磺港公園,25.130512,121.50446,894ba5696c7ffff
豐年公園,25.136009,121.496658,894ba0b497bffff
關渡公園,25.11973,121.46369,894ba0b4a13ffff
觀海公園,25.12358,121.463447,894ba0b4a83ffff
嗄嘮別公園,25.14035,121.48442,894ba0b49cbffff
大業綠地(北投163,25.13624,121.490539,894ba0b4943ffff
中和綠地,25.14188,121.498802,894ba0b490fffff
天溪綠地,25.13519,121.5301,894ba56901bffff
文化綠地,25.137449,121.498406,894ba0b4963ffff
北投106號綠地,25.111082,121.520904,894ba569257ffff
北投120號綠地,25.120132,121.501115,894ba0a6597ffff
北投121號綠地,25.11664,121.504989,894ba0a65b3ffff
北投122號綠地,25.113069,121.508926,894ba0a65afffff
北投123號綠地,25.117135,121.503849,894ba0a6587ffff
北投124號綠地,25.114865,121.506329,894ba0a65bbffff
北投135號綠地,25.111839,121.510307,894ba0a6533ffff
北投138號綠地,25.114419,121.502738,894ba0a658fffff
北投139號綠地,25.11502,121.503128,894ba0a658fffff
北投160號綠地,25.135316,121.496586,894ba0b497bffff
北投161號綠地 (,25.135139,121.494926,894ba0b497bffff
北投164號綠地,25.133449,121.495979,894ba0b496bffff
北投165號綠地,25.131759,121.496238,894ba0b4ba7ffff
北投166號綠地,25.13051,121.496871,894ba0b4ba7ffff
北投167號綠地,25.128405,121.497707,894ba5696dbffff
北投168號綠地,25.12437,121.499191,894ba0b4b27ffff
北投169號綠地,25.12072,121.499533,894ba0b4b2fffff
北投181號一德綠地,25.123939,121.464767,894ba0b4a87ffff
北投182號綠地,25.123399,121.467727,894ba0b4abbffff
北投183號綠地,25.12301,121.471862,894ba0b4aa3ffff
北投185號綠地,25.123425,121.464987,894ba0b4a87ffff
北投186號綠地,25.123029,121.466529,894ba0b4abbffff
北投187號綠地,25.122909,121.468292,894ba0b4abbffff
北投188號綠地,25.122749,121.470558,894ba0b4aa3ffff
北投191號綠地,25.122489,121.480842,894ba0b4bcfffff
北投192號綠地,25.122089,121.480911,894ba0b4bcfffff
北投203號綠地,25.12065,121.5031,894ba56964bffff
北投257號綠地(承,25.10442,121.512199,894ba0a6193ffff
北投39號綠地,25.121984,121.462777,894ba0b4a8fffff
北投62號綠地,25.129382,121.503215,894ba5696c3ffff
北投63號綠地,25.12759,121.503341,894ba5696cfffff
北投64號綠地,25.126383,121.503285,894ba5696cfffff
北投65號綠地,25.124689,121.503051,894ba569653ffff
北投66號綠地,25.123739,121.50296,894ba569653ffff
北投69號綠地,25.12602,121.512039,894ba56960fffff
北投90號綠地,25.118619,121.520332,894ba56928bffff
北投91號綠地,25.119029,121.521636,894ba56928bffff
北投92號綠地,25.11926,121.522277,894ba56928bffff
北投98號綠地,25.115659,121.515502,894ba5692c3ffff
永和綠地,25.12791,121.527931,894ba569043ffff
永欣綠地,25.12384,121.52695,894ba5692b3ffff
安明綠地,25.135616,121.502133,894ba0b4967ffff
奇岩4號綠地,25.126039,121.505546,894ba569657ffff
忠義公園,25.135019,121.47792,894ba0b483bffff
承仙綠地,25.11968,121.502632,894ba56964bffff
明德公園,25.107259,121.52098,894ba56924fffff
林投坑(一)綠地,25.136749,121.489372,894ba0b4943ffff
林投坑(二)綠地,25.13651,121.489097,894ba0b4943ffff
湖山綠地,25.151787,121.54383,894ba56950fffff
番仔厝綠地,25.13413,121.495903,894ba0b497bffff
磅空頂綠地,25.12298,121.465072,894ba0b4a8fffff
櫻花崗公園,25.12349,121.52616,894ba569287ffff
北投3號廣場,25.131959,121.49784,894ba0b496bffff
41號公園,25.10709,121.5644,894ba0a6d03ffff
士林官邸公園,25.0949,121.530151,894ba0a6127ffff
山仔后公園,25.137291,121.545635,894ba5691cbffff
天母公園,25.125908,121.530518,894ba56904fffff
天和一號公園,25.11844,121.53471,894ba569237ffff
天和公園,25.119819,121.533988,894ba5692afffff
天壽公園,25.114028,121.525686,894ba569203ffff
天壽綠地,25.114028,121.525686,894ba569203ffff
天壽綠地,25.114028,121.525686,894ba569203ffff
天福2號公園,25.11709,121.531608,894ba569233ffff
外雙溪公園,25.10127,121.552391,894ba0a6c27ffff
仰德一號公園,25.10007,121.53778,894ba0a6c1bffff
仰德二號公園,25.09999,121.538276,894ba0a6c1bffff
名山公園,25.101549,121.532371,894ba0a6cc3ffff
至善公園,25.09819,121.538291,894ba0a6c0bffff
至誠公園,25.101089,121.536682,894ba0a6c1bffff
至德園公園,25.0984,121.546401,894ba0a6c3bffff
住六(公一)公園,25.136913,121.559492,894ba569177ffff
住六(公二)公園,25.137605,121.557649,894ba56910fffff
克強公園,25.107985,121.521967,894ba569247ffff
志成公園,25.09669,121.53086,894ba0a6127ffff
忠誠公園,25.10342,121.525741,894ba0a61a7ffff
承德公園,25.08966,121.52198,894ba0a6177ffff
明勝公園,25.079968,121.519187,894ba0a63afffff
東和公園,25.1226,121.533686,894ba5692a7ffff
社子公園,25.09037,121.506027,894ba0a6027ffff
社子島福安里堤防綠地,25.098141,121.496437,894ba0a654bffff
社正公園,25.087499,121.510421,894ba0a615bffff
芝山公園,25.102369,121.531776,894ba0a6cc3ffff
花卉試驗中心,25.135015,121.54441,894ba569027ffff
前港公園,25.086062,121.520155,894ba0a616bffff
後港公園,25.093237,121.514454,894ba0a611bffff
美崙公園,25.097379,121.517219,894ba0a6113ffff
原住民文化主題公園,25.10157,121.55075,894ba0a6c27ffff
海光公園,25.08185,121.507881,894ba0a6383ffff
基河公園,25.080039,121.524017,894ba0a6ec3ffff
基隆河沖洗溝加蓋綠地,25.084049,121.523162,894ba0a6ed3ffff
華聲公園,25.095979,121.522491,894ba0a6107ffff
華齡公園,25.084049,121.523162,894ba0a6ed3ffff
新佳公園,25.09863,121.519493,894ba0a6117ffff
福中公園,25.087919,121.518836,894ba0a617bffff
福志公園,25.09905,121.534057,894ba0a6ccfffff
福林公園,25.0958,121.529472,894ba0a6127ffff
福華公園,25.082179,121.518921,894ba0a63a7ffff
福順公園,25.082349,121.511131,894ba0a6387ffff
翠山公園,25.10845,121.56995,894ba0a6d33ffff
德仁公園,25.102659,121.521461,894ba0a61b3ffff
德行公園,25.10511,121.523651,894ba0a61b7ffff
線形公園-前街,25.097214,121.524831,894ba0a6133ffff
線形公園-後街,25.097214,121.524831,894ba0a6133ffff
線形公園-劍潭,25.079087,121.523387,894ba0a6ecbffff
衛理兒童遊戲場,25.102329,121.553306,894ba0a6c27ffff
磺溪公園,25.104879,121.520629,894ba0a61b3ffff
雙溪公園,25.098039,121.535919,894ba0a6c57ffff
蘭雅1號公園,25.109932,121.529112,894ba569277ffff
蘭雅公園,25.109744,121.529919,894ba569277ffff
蘭興公園,25.111029,121.525193,894ba56920bffff
209號綠地,25.092599,121.528068,894ba0a612fffff
士林116號綠地,25.09646,121.513603,894ba0a61c7ffff
士林117號綠地,25.09703,121.5139,894ba0a61c7ffff
士林118號綠地,25.093179,121.519462,894ba0a610fffff
士林120號綠地,25.093059,121.520446,894ba0a610fffff
士林121號綠地,25.092269,121.515808,894ba0a610bffff
士林128號綠地,25.084669,121.522346,894ba0a6ed3ffff
士林130號綠地,25.089599,121.502586,894ba0a6023ffff
士林131號綠地,25.090789,121.505592,894ba0a6037ffff
士林132號綠地,25.09066,121.50682,894ba0a6027ffff
士林136號綠地,25.08691,121.51091,894ba0a614bffff
士林139號綠地,25.084869,121.509407,894ba0a6397ffff
士林151號綠地,25.09576,121.548439,894ba0a6893ffff
士林156號綠地,25.103392,121.554827,894ba0a6d53ffff
士林173號綠地 (,25.1128,121.526199,894ba56920fffff
士林179號綠地,25.10433,121.529426,894ba0a6cd3ffff
士林197號綠地,25.136188,121.558964,894ba569177ffff
士林198號綠地,25.141013,121.55392,894ba569103ffff
士林199號綠地,25.14052,121.558456,894ba569107ffff
士林200號綠地,25.13698,121.561668,894ba56912bffff
士林201號綠地,25.13364,121.560668,894ba569167ffff
士林206綠地(番仔,25.097959,121.548027,894ba0a6c2bffff
士林207綠地(番仔,25.096759,121.548393,894ba0a6c2bffff
士林208號綠地,25.09733,121.533767,894ba0a6c53ffff
士林4號綠地,25.13688,121.546272,894ba5691cbffff
士林68號綠地,25.099069,121.53643,894ba0a6c1bffff
士林73號綠地 (天,25.121599,121.52597,894ba569287ffff
士林75號綠地,25.123203,121.529441,894ba5692b3ffff
士林76號綠地,25.124725,121.532776,894ba5692b7ffff
士林79號綠地,25.115579,121.526779,894ba569203ffff
士林80天壽二號,25.11326,121.52642,894ba56920fffff
士林89號綠地,25.10577,121.52893,894ba56926bffff
天福綠地,25.11675,121.532547,894ba569233ffff
永倫綠地,25.09152,121.500526,894ba0a6033ffff
至臨綠地,25.10429,121.555603,894ba0a6dcfffff
東吳綠地,25.09658,121.542747,894ba0a6c73ffff
添壽一號綠地,25.116739,121.526901,894ba569217ffff
聖山綠地,25.10683,121.532348,894ba0a6c9bffff
福文公園,25.09065,121.527229,894ba0a6e93ffff
士林3號廣場,25.10453,121.524612,894ba0a61b7ffff
士林4號廣場,25.09605,121.53199,894ba0a6c53ffff
天母廣場,25.118749,121.530082,894ba5692abffff
天生廣場,25.12619,121.53125,894ba56904fffff
一江公園,25.053279,121.531257,894ba0a456fffff
八二三砲戰紀念公園,25.076799,121.526771,894ba0a6e53ffff
力行三號公園,25.08543,121.536689,894ba0a6eabffff
下埤公園,25.06701,121.542282,894ba0a6ac7ffff
下塔悠公園,25.076929,121.559562,894ba0a686fffff
上塔悠公園,25.07751,121.552001,894ba0a684fffff
大佳社區公園,25.07275,121.537658,894ba0a6e6fffff
大直公園,25.08271,121.547279,894ba0a6853ffff
中427公園,25.080329,121.555992,894ba0a687bffff
中428公園,25.078447,121.553485,894ba0a684fffff
中429公園,25.078469,121.555858,894ba0a687bffff
中430公園,25.07829,121.56208,894ba0a686fffff
中431公園,25.0774,121.565208,894ba0a6b8bffff
中山21號廣場,25.080799,121.556282,894ba0a6873ffff
中吉公園,25.05636,121.531837,894ba0a4567ffff
中安公園 ,25.056489,121.523986,894ba0a4547ffff
中原公園,25.05581,121.528587,894ba0a4577ffff
仁德公園,25.05318,121.529083,894ba0a4563ffff
四平公園,25.05323,121.534507,894ba0a419bffff
正守公園,25.048051,121.528745,894ba0a41d3ffff
民享公園,25.05923,121.52111,894ba0a451bffff
永安公園,25.07912,121.545211,894ba0a685bffff
永直公園,25.08147,121.550529,894ba0a6843ffff
永靜公園,25.061559,121.521781,894ba0a451bffff
伊通公園,25.050159,121.534767,894ba0a418bffff
吉林公園,25.050825,121.52893,894ba0a41d3ffff
合江公園,25.05866,121.539482,894ba0a6a5bffff
朱昌公園,25.055459,121.538818,894ba0a4187ffff
朱厝崙公園,25.04755,121.541061,894ba0a4103ffff
朱崙公園,25.049339,121.541687,894ba0a4117ffff
江寧公園,25.061229,121.539413,894ba0a6a53ffff
自強公園,25.086019,121.548603,894ba0a68cfffff
明水公園,25.078819,121.548057,894ba0a685bffff
林森公園,25.052339,121.525871,894ba0a457bffff
松江公園,25.050369,121.532463,894ba0a41d7ffff
松錦1號公園,25.060117,121.532404,894ba0a4523ffff
松錦2號公園,25.059608,121.532089,894ba0a453bffff
直安公園,25.081199,121.547851,894ba0a6853ffff
花博公園美術園區,25.0706,121.523956,894ba0a4597ffff
花博公園圓山園區,25.071569,121.520622,894ba0a632fffff
花博公園新生園區,25.068569,121.530502,894ba0a45a3ffff
金泰公園,25.076495,121.565167,894ba0a6b8bffff
建興公園,25.047149,121.538177,894ba0a411bffff
培英公園,25.082269,121.544982,894ba0a6e27ffff
康樂公園,25.053409,121.525146,894ba0a457bffff
復華公園,25.053129,121.53968,894ba0a418fffff
晴光公園,25.063899,121.524566,894ba0a4517ffff
華山公園,25.047745,121.525861,894ba0a40a7ffff
進安公園,25.045869,121.537467,894ba0a411bffff
集英公園,25.065402,121.521344,894ba0a458bffff
圓山自然景觀公園,25.075055,121.52233,894ba0a6327ffff
敬業公園,25.085728,121.556045,894ba0a6803ffff
新喜公園,25.065429,121.532188,894ba0a45afffff
新祿公園,25.067159,121.529647,894ba0a45a3ffff
新壽公園,25.06331,121.529922,894ba0a45abffff
新興公園,25.061519,121.52465,894ba0a4503ffff
農安公園,25.06528,121.535263,894ba0a6adbffff
榮星花園公園,25.06265,121.540496,894ba0a6a53ffff
聚葉公園,25.060496,121.527236,894ba0a450fffff
劍潭公園,25.080108,121.524598,894ba0a6ec3ffff
德惠公園,25.067489,121.531562,894ba0a45a3ffff
撫順公園,25.064579,121.52199,894ba0a458bffff
興安公園,25.055679,121.541778,894ba0a41b3ffff
興亞公園,25.04738,121.5316,894ba0a41c3ffff
興國公園,25.0531,121.541941,894ba0a41bbffff
遼寧公園,25.0536,121.542312,894ba0a41bbffff
錦北公園,25.060489,121.535827,894ba0a4527ffff
錦州公園,25.060619,121.529319,894ba0a453bffff
龍江公園,25.05982,121.54216,894ba0a6a43ffff
雙城公園,25.06731,121.524017,894ba0a458fffff
力行1號綠地,25.0841,121.538871,894ba0a6e33ffff
力行2號綠地,25.083349,121.537933,894ba0a6e33ffff
中山129號綠地,25.05372,121.539672,894ba0a4187ffff
中山161號綠地,25.078069,121.533157,894ba0a6e0bffff
中山240號綠地,25.086969,121.549598,894ba0a68c7ffff
中山381號綠地,25.079599,121.547203,894ba0a685bffff
中山411號綠地,25.08329,121.556449,894ba0a6873ffff
中山412號綠地,25.0823,121.556457,894ba0a6873ffff
中山413號綠地,25.08332,121.556198,894ba0a6873ffff
中山414號綠地,25.08126,121.556167,894ba0a6873ffff
中山415號綠地,25.08012,121.552627,894ba0a6847ffff
中山416號綠地,25.08007,121.553771,894ba0a6847ffff
中山417號綠地,25.08007,121.555259,894ba0a687bffff
中山418號綠地,25.080059,121.557373,894ba0a6863ffff
中山419號綠地,25.080039,121.559341,894ba0a6863ffff
中山420號綠地,25.080049,121.560997,894ba0a6867ffff
中山421號綠地,25.080379,121.562171,894ba0a6867ffff
中山422號綠地,25.07986,121.552742,894ba0a6847ffff
中山423號綠地,25.079839,121.553802,894ba0a6847ffff
中山424號綠地,25.079839,121.554916,894ba0a687bffff
中山425號綠地,25.079839,121.555816,894ba0a687bffff
中山426號綠地,25.08011,121.562217,894ba0a6867ffff
長春綠地,25.0529,121.538009,894ba0a418fffff
中山4號廣場,25.05261,121.520523,894ba0a454fffff
九華公園,25.08859,121.561378,894ba0a6833ffff
下灣公園,25.06681,121.590698,894ba0a4db7ffff
上灣公園,25.06546,121.59584,894ba1d32dbffff
大坑公園,25.069037,121.598706,894ba1d366fffff
大港墘公園,25.077414,121.572996,894ba0a6bbbffff
大湖公園,25.082976,121.602695,894ba1d30dbffff
山腳公園,25.084089,121.579902,894ba0a696bffff
五分公園,25.067119,121.614791,894ba1d3233ffff
內湖125號公園,25.064699,121.611259,894ba1d3207ffff
文心公園,25.06545,121.584182,894ba0a4d87ffff
文湖公園,25.087427,121.560993,894ba0a6833ffff
文德3號公園,25.07509,121.577117,894ba0a6b33ffff
文德二號公園,25.077859,121.58374,894ba1d36c3ffff
仙樹公園,25.085609,121.569,894ba0a695bffff
北勢湖公園,25.083749,121.561683,894ba0a682bffff
安泰公園,25.074089,121.618637,894ba1d306bffff
安康公園(下),25.067209,121.610618,894ba1d3217ffff
安康公園(上),25.067129,121.61238,894ba1d32abffff
安湖三號公園,25.070419,121.615692,894ba1d32afffff
安湖公園,25.07402,121.615417,894ba1d32b7ffff
成功公園,25.084299,121.596626,894ba1d36bbffff
行善公園,25.05326,121.575576,894ba0a4c27ffff
西安公園,25.08745,121.567481,894ba0a6827ffff
西安廣場,25.086759,121.560852,894ba0a683bffff
西康二號公園,25.08498,121.563926,894ba0a6823ffff
西康公園,25.08312,121.564392,894ba0a682bffff
西湖公園,25.08361,121.570388,894ba0a694bffff
扶輪親恩公園,25.066709,121.57975,894ba0a4d93ffff
明美公園,25.062219,121.586196,894ba0a4d17ffff
東湖一號公園,25.075599,121.612136,894ba1d304fffff
東湖二號公園,25.07389,121.610923,894ba1d32b3ffff
東湖四號公園,25.070449,121.61808,894ba1d33dbffff
金瑞公園,25.087959,121.587951,894ba1d3693ffff
金龍公園,25.085432,121.590799,894ba1d3683ffff
長青公園,25.08098,121.581741,894ba1d36d3ffff
南湖一號公園,25.069139,121.611091,894ba1d32abffff
洲子1號公園,25.07957,121.564338,894ba0a6b9bffff
洲子2號公園,25.079599,121.568626,894ba0a6b83ffff
美善公園,25.056999,121.578582,894ba0a4dcfffff
畚箕湖公園,25.089436,121.560064,894ba0a68abffff
康湖二號公園,25.074042,121.6088,894ba1d304bffff
康湖公園,25.07468,121.608726,894ba1d304bffff
康寧公園,25.06891,121.609588,894ba1d32bbffff
清白公園,25.081699,121.595283,894ba1d3617ffff
港都公園,25.082719,121.575233,894ba0a6bb7ffff
港華一號公園,25.087734,121.573586,894ba0a6957ffff
港華二號公園,25.087789,121.573837,894ba0a6957ffff
港華三號公園,25.08669,121.575057,894ba0a6947ffff
港華六號公園,25.08426,121.574623,894ba0a694fffff
港華四號公園,25.08653,121.575279,894ba0a6947ffff
港墘公園,25.080978,121.576437,894ba0a6bb7ffff
游美公園,25.064599,121.597198,894ba1d32dbffff
湖山9號公園,25.08522,121.6035,894ba1d30dbffff
湖山八號公園,25.083919,121.603271,894ba1d30dbffff
湖山三號公園,25.08716,121.604469,894ba1d30d3ffff
湖山五號公園,25.081579,121.600837,894ba1d36afffff
湖山六號公園,25.083099,121.60186,894ba1d36afffff
湖山四號公園,25.0827,121.600753,894ba1d36afffff
湖元公園,25.068229,121.58702,894ba1d364bffff
湖畔公園,25.088247,121.601473,894ba1d346bffff
湖聖公園,25.06977,121.591766,894ba1d367bffff
湖興公園,25.06693,121.589591,894ba0a4db3ffff
湖濱公園,25.081547,121.587626,894ba1d368bffff
湖寶公園,25.0666,121.599563,894ba1d32d7ffff
週美綠地,25.0564,121.581901,894ba0a4d1bffff
陽光公園,25.076736,121.586719,894ba1d36cfffff
新明公園,25.05413,121.578811,894ba0a4d53ffff
煙波庭公園,25.086339,121.59925,894ba1d36a3ffff
瑞光公園,25.07118,121.577682,894ba0a6b23ffff
瑞湖公園,25.069309,121.576889,894ba0a6b2bffff
瑞陽公園,25.07751,121.579352,894ba0a6bafffff
碧山公園,25.08708,121.591957,894ba1d3687ffff
碧湖公園,25.082189,121.584289,894ba1d36d7ffff
福壽公園,25.079809,121.596557,894ba1d3607ffff
翠湖公園,25.08626,121.602107,894ba1d36a7ffff
樂活公園,25.068244,121.618814,894ba1d3237ffff
樂康公園,25.07007,121.620697,894ba1d33c3ffff
環東公園,25.043729,121.54293,894ba0a410fffff
麗湖公園,25.073539,121.599282,894ba1d3667ffff
寶湖公園,25.067328,121.598514,894ba1d32d3ffff
內湖110號綠地,25.071229,121.58007,894ba0a6b2fffff
內湖117號綠地,25.083269,121.601852,894ba1d36afffff
內湖119號安興綠地,25.057699,121.583671,894ba0a4d1bffff
文德1號綠地,25.07859,121.584213,894ba1d36c3ffff
石潭公園,25.063119,121.593208,894ba0a4dafffff
康樂綠地,25.074909,121.620613,894ba1d306fffff
港華5號綠地,25.085449,121.574287,894ba0a694fffff
湖興綠地,25.068939,121.590896,894ba0a4db7ffff
紫陽綠地,25.07641,121.586799,894ba1d36cfffff
潭美公園,25.05701,121.58168,894ba0a4d1bffff
麗湖綠地,25.073374,121.600509,894ba1d3667ffff
治磐廣場,25.082729,121.566307,894ba0a6b93ffff
港富廣場,25.080299,121.578117,894ba0a6ba7ffff
灣仔廣場,25.068939,121.590896,894ba0a4db7ffff
大同公園,25.067979,121.512001,894ba0a6363ffff
大稻埕公園,25.05866,121.510368,894ba0a44afffff
大龍公園,25.07024,121.515579,894ba0a6377ffff
玉泉公園,25.04993,121.507652,894ba0a4467ffff
至聖公園,25.071189,121.517692,894ba0a632bffff
忠和公園,25.05788,121.508613,894ba0a4433ffff
哈密公園,25.074846,121.515594,894ba0a633bffff
建成公園,25.05409,121.518226,894ba0a4543ffff
迪化公園,25.071109,121.512008,894ba0a6373ffff
國順公園,25.066222,121.510025,894ba0a637bffff
景化公園,25.065359,121.512741,894ba0a636bffff
朝陽公園,25.05595,121.51313,894ba0a4427ffff
塔城公園,25.05072,121.510803,894ba0a4093ffff
德鄰公園,25.062169,121.514928,894ba0a45d3ffff
蔣渭水紀念公園,25.059709,121.516777,894ba0a45cbffff
樹德公園,25.066799,121.516281,894ba0a636fffff
歸綏戲曲公園,25.05797,121.513092,894ba0a4437ffff
蘭州公園,25.063959,121.51538,894ba0a45d3ffff
大同249綠地,25.07743,121.511459,894ba0a6317ffff
大同250綠地,25.07722,121.509857,894ba0a6317ffff
大同251綠地,25.07838,121.511848,894ba0a6317ffff
敦煌1號綠地,25.07475,121.516288,894ba0a633bffff
敦煌2號綠地,25.076969,121.516441,894ba0a6333ffff
大同16號廣場,25.056379,121.508613,894ba0a4433ffff
大稻埕廣場,25.055,121.509536,894ba0a4423ffff
六藝廣場,25.074689,121.515052,894ba0a633bffff
太原廣場,25.047479,121.516639,894ba0a408fffff
永樂廣場,25.05466,121.509658,894ba0a4423ffff
保安廣場,25.07055,121.518928,894ba0a4593ffff
建成圓環,25.05276,121.514295,894ba0a442fffff
八德公園,25.04693,121.545707,894ba0a413bffff
三民公園,25.06138,121.566963,894ba0a4cb3ffff
三民公園A,25.06138,121.566963,894ba0a4cb3ffff
中華公園,25.053527,121.552484,894ba0a4cc3ffff
民有一號公園,25.06077,121.547401,894ba0a6a7bffff
民有二號公園,25.05964,121.546318,894ba0a6a7bffff
民有三號公園,25.05862,121.547622,894ba0a6a7bffff
民福綠地,25.06276,121.54879,894ba0a6a73ffff
民權公園,25.06191,121.559173,894ba0a4c97ffff
吉仁公園,25.047809,121.553482,894ba0a4127ffff
吉祥公園,25.050533,121.564048,894ba0a4c0fffff
安平公園,25.05302,121.564491,894ba0a4c07ffff
西松公園,25.053689,121.564132,894ba0a4c03ffff
延壽一號公園,25.05763,121.55635,894ba0a4c9bffff
延壽二號公園,25.05735,121.552757,894ba0a6a6fffff
延壽三號公園,25.056869,121.551803,894ba0a6a6fffff
松基公園,25.055369,121.545445,894ba0a41b7ffff
松榮公園,25.060208,121.555107,894ba0a6a67ffff
長壽公園,25.053369,121.558921,894ba0a4c1bffff
美仁一號公園,25.050149,121.553459,894ba0a4ccbffff
美仁二號公園,25.049499,121.553421,894ba0a4ccbffff
健康公園,25.054119,121.56887,894ba0a4c33ffff
婦聯公園,25.054689,121.55973,894ba0a4c13ffff
富民生態公園,25.06015,121.564338,894ba0a4c87ffff
富錦一號公園,25.058889,121.559028,894ba0a4c83ffff
富錦二號公園,25.05961,121.559623,894ba0a4c83ffff
富錦三號公園,25.060239,121.558898,894ba0a4c83ffff
富錦五號公園,25.058849,121.553543,894ba0a6a6fffff
富錦六號公園,25.05821,121.552902,894ba0a6a6fffff
復盛公園,25.047479,121.56147,894ba0a4c47ffff
復源公園,25.046489,121.554481,894ba0a4c5bffff
敦中公園,25.0499,121.54589,894ba0a4133ffff
敦化公園,25.046409,121.550483,894ba0a4127ffff
敦北公園,25.061229,121.551567,894ba0a6a63ffff
新中公園,25.06052,121.560867,894ba0a4c83ffff
新東公園,25.058799,121.568367,894ba0a4ca3ffff
寧安公園,25.05035,121.55487,894ba0a4ccfffff
精忠2號公園,25.05639,121.552848,894ba0a4cd3ffff
精忠公園,25.059339,121.552169,894ba0a6a63ffff
慶城公園 A,25.05327,121.546386,894ba0a41a3ffff
撫遠公園,25.064449,121.566947,894ba0a6b4fffff
舊宗1號公園 ( 新,25.06195,121.568862,894ba0a4cb7ffff
舊宗2號公園,25.05491,121.569999,894ba0a4c33ffff
鵬程公園,25.055519,121.568672,894ba0a4c33ffff
寶清公園,25.05212,121.567642,894ba0a4c3bffff
松山121號綠地三民,25.05916,121.562568,894ba0a4c87ffff
大理公園,25.034139,121.493659,894ba0a4603ffff
日善公園,25.026465,121.496377,894ba0a466bffff
寺前公園,25.03354,121.499206,894ba0a463bffff
老松公園,25.03852,121.502738,894ba0a46afffff
西園公園,25.02639,121.496536,894ba0a466bffff
孝德公園,25.024124,121.49425,894ba0a55b7ffff
和平青草園(原萬華4,25.032659,121.497207,894ba0a460fffff
東園公園,25.02095,121.495246,894ba0a55afffff
長沙公園,25.0415,121.499923,894ba0a46a3ffff
長順公園,25.03185,121.489028,894ba0a4657ffff
青山公園,25.039369,121.498306,894ba0a46abffff
青年公園,25.02511,121.505861,894ba0a428bffff
保德公園,25.02279,121.497467,894ba0a55a7ffff
柳鄉公園,25.03726,121.495437,894ba0a4617ffff
桂林公園,25.038909,121.496818,894ba0a4617ffff
華江一號公園,25.03589,121.49411,894ba0a4603ffff
華江七號公園,25.035028,121.493461,894ba0a4603ffff
華江二號公園,25.0358,121.491508,894ba0a461bffff
華江八號公園,25.034059,121.492683,894ba0a461bffff
華西公園,25.038669,121.498657,894ba0a46abffff
新糖廍公園(糖廍文化,25.033549,121.494646,894ba0a460bffff
萬華51號公園,25.03594,121.502922,894ba0a4623ffff
壽德公園,25.024429,121.501136,894ba0a42d7ffff
福星公園,25.04607,121.505912,894ba0a446bffff
綠堤公園,25.03321,121.492897,894ba0a460bffff
聚德公園,25.034889,121.49472,894ba0a4603ffff
艋舺公園,25.036037,121.499911,894ba0a4633ffff
糖廍公園,25.034393,121.494652,894ba0a4603ffff
錦德公園,25.0233,121.492362,894ba0a55a3ffff
萬華266號綠地,25.039159,121.503097,894ba0a46afffff
西本願寺（萬華406,25.0403,121.50708,894ba0a40dbffff
二二八和平公園,25.042286,121.514297,894ba0a4013ffff
中央藝文公園,25.046272,121.526856,894ba0a41dbffff
介壽公園,25.03926,121.514633,894ba0a401bffff
文光公園,25.039039,121.530853,894ba0a415bffff
文盛公園,25.01617,121.532119,894ba0a5cb7ffff
水源町公園,25.01187,121.534604,894ba0a5ddbffff
永昌公園,25.026229,121.509956,894ba0a428fffff
永福公園,25.009801,121.532098,894ba0a5c33ffff
忠孝公園,25.04183,121.53202,894ba0a4153ffff
信愛公園,25.03491,121.528762,894ba0a4383ffff
南昌公園,25.026819,121.520202,894ba0a43dbffff
牯嶺公園,25.02312,121.518676,894ba0a4237ffff
連雲公園,25.035209,121.531822,894ba0a4387ffff
逸仙公園,25.0477,121.520027,894ba0a40bbffff
齊東公園,25.041749,121.528297,894ba0a4027ffff
黎明公園,25.044139,121.515556,894ba0a4013ffff
螢橋公園,25.02672,121.51725,894ba0a42afffff
中正138號綠地,25.037839,121.514511,894ba0a4057ffff
北門廣場,25.048002,121.511683,894ba0a409bffff
交7廣場,25.04647,121.516761,894ba0a408fffff
交通4號廣場,25.04738,121.518806,894ba0a40bbffff
交通8號廣場,25.050319,121.51651,894ba0a4097ffff
行旅廣場,25.047797,121.513204,894ba0a4083ffff
瑠公公園,25.042409,121.545722,894ba0a4177ffff
瑠公圳公園 ,25.043609,121.543121,894ba0a4177ffff
大安公園,25.04276,121.542808,894ba0a4177ffff
大安森林公園,25.0333,121.535842,894ba0a43bbffff
大學公園,25.021909,121.532897,894ba0a4373ffff
仁慈公園,25.03413,121.545707,894ba0a4ec3ffff
仁愛公園,25.036619,121.546241,894ba0a4ed7ffff
仁愛圓環,25.03763,121.549682,894ba0a4e8bffff
公館公園,25.011426,121.540791,894ba0a5dcfffff
古風公園,25.02197,121.529052,894ba0a4347ffff
古莊公園,25.022729,121.528213,894ba0a4357ffff
四維公園,25.03063,121.545326,894ba0a4ecbffff
平安公園,25.031959,121.549316,894ba0a4ecfffff
民榮公園,25.0354,121.535697,894ba0a43b3ffff
民輝公園,25.03951,121.535057,894ba0a4143ffff
永康公園,25.03162,121.529716,894ba0a438bffff
光信公園,25.03556,121.555801,894ba0a4e17ffff
全安公園,25.025459,121.551208,894ba0a4e4fffff
安東公園,25.02893,121.544822,894ba0a4327ffff
安祥公園,25.03454,121.542732,894ba0a43a7ffff
辛亥一號公園,25.02271,121.532661,894ba0a4373ffff
和平公園,25.02349,121.542518,894ba0a432fffff
和安公園,25.034509,121.544479,894ba0a4ed3ffff
居安公園,25.02968,121.549331,894ba0a4e57ffff
延吉公園,25.04257,121.55577,894ba0a4c4bffff
昌隆198公園,25.04376,121.535713,894ba0a4157ffff
東豐公園,25.035779,121.54486,894ba0a4ed3ffff
法治公園,25.02691,121.552917,894ba0a4e47ffff
臥龍公園,25.0167,121.549888,894ba0a5d17ffff
虎嘯公園,25.022529,121.549278,894ba0a4e4bffff
金山公園,25.030959,121.524756,894ba0a43d7ffff
金杭公園,25.0329,121.526877,894ba0a439bffff
金華公園,25.02959,121.531173,894ba0a4313ffff
附中公園,25.03634,121.542259,894ba0a416bffff
青峰公園,25.015699,121.551406,894ba0a5dabffff
師大公園,25.024599,121.528373,894ba0a4357ffff
泰順公園,25.02462,121.531639,894ba0a430bffff
通化公園,25.032159,121.554557,894ba0a4e03ffff
富陽自然生態公園,25.016674,121.557488,894ba0a5d37ffff
敦仁公園,25.040401,121.546908,894ba0a4167ffff
敦安公園,25.03446,121.553703,894ba0a4e13ffff
敦親公園,25.022659,121.540908,894ba0a5d93ffff
新龍公園,25.02765,121.540161,894ba0a4323ffff
溫州公園,25.0188,121.531341,894ba0a437bffff
瑞安公園,25.02613,121.539352,894ba0a433bffff
群賢公園,25.0254,121.546569,894ba0a4e5bffff
誠安公園,25.04249,121.540908,894ba0a4173ffff
嘉興公園,25.021369,121.551948,894ba0a5db3ffff
寧馨公園A,25.044349,121.533493,894ba0a41cfffff
福州山公園,25.01589,121.551612,894ba0a5dabffff
德安公園,25.034879,121.547775,894ba0a4ed7ffff
黎孝公園,25.01976,121.555992,894ba0a5da7ffff
黎和生態公園,25.015128,121.560002,894ba0a4acbffff
錦安公園,25.02798,121.527946,894ba0a43c7ffff
龍生公園,25.02601,121.541397,894ba0a4323ffff
龍門公園,25.024259,121.536682,894ba0a4377ffff
龍陣一號公園,25.027589,121.542541,894ba0a4323ffff
龍陣二號公園 A,25.029239,121.542488,894ba0a4337ffff
龍陣二號公園 B,25.029239,121.542488,894ba0a4337ffff
龍圖公園,25.03049,121.541603,894ba0a4337ffff
龍鳳公園,25.02561,121.543273,894ba0a432fffff
臨江公園,25.02816,121.55574,894ba0a4e73ffff
麗水公園,25.031914,121.528087,894ba0a438bffff
大安125號綠地,25.04442,121.533683,894ba0a41cfffff
大安195號綠地,25.020019,121.531433,894ba0a437bffff
黎和綠地,25.01593,121.560569,894ba0a4acbffff
錦華綠地,25.029579,121.529579,894ba0a4313ffff
三張里公園,25.030929,121.566726,894ba0a4e2fffff
三犁公園,25.029779,121.570022,894ba0a484bffff
三興公園,25.028579,121.559547,894ba0a4e77ffff
中全公園,25.038589,121.57489,894ba0a481bffff
中興公園,25.034269,121.559249,894ba0a4e07ffff
五分埔公園,25.046939,121.580101,894ba0a48b3ffff
五常公園,25.047689,121.57434,894ba0a4897ffff
四育公園,25.04676,121.575141,894ba0a4883ffff
永吉公園,25.04359,121.575042,894ba0a488fffff
永春公園,25.042299,121.579116,894ba0a4817ffff
永春陂濕地公園,25.032812,121.580069,894ba0a4863ffff
永春崗公園,25.031709,121.57759,894ba0a487bffff
交五,25.049209,121.57415,894ba0a4897ffff
安強公園,25.036689,121.57534,894ba0a480bffff
吳興公園,25.02329,121.567939,894ba0a4a8fffff
念儒公園,25.037719,121.57376,894ba0a481bffff
林口2號綠地(松光),25.0399,121.57882,894ba0a4803ffff
林口公園,25.03906,121.578948,894ba0a4803ffff
松友公園,25.03391,121.576148,894ba0a4847ffff
松壽廣場,25.037389,121.566078,894ba0a48dbffff
松德公園,25.03602,121.573287,894ba0a4857ffff
虎林公園,25.03148,121.577293,894ba0a487bffff
信義352號公園 (,25.03582,121.565513,894ba0a4e37ffff
信義安康公園,25.03572,121.570068,894ba0a4853ffff
春光公園,25.04223,121.580741,894ba0a48abffff
革新公園,25.04383,121.567367,894ba0a4c6fffff
泰和公園,25.023139,121.568199,894ba0a4a8fffff
眷村文化公園,25.031639,121.561752,894ba0a4e3bffff
富台公園,25.04207,121.572242,894ba0a488bffff
富生1號公園,25.042229,121.569848,894ba0a48d7ffff
富生2號公園,25.04238,121.569623,894ba0a48d7ffff
富生公園,25.042089,121.569847,894ba0a48d7ffff
惠安公園,25.024549,121.56462,894ba0a4a9bffff
景平公園,25.02989,121.563941,894ba0a4e2bffff
景勤1號公園,25.02633,121.560256,894ba0a4e67ffff
景勤2號公園,25.026039,121.557487,894ba0a4e63ffff
象山公園,25.03041,121.570091,894ba0a484bffff
雅祥公園,25.047569,121.57183,894ba0a4893ffff
福祥公園,25.046039,121.570503,894ba0a489bffff
福德公園,25.03824,121.581848,894ba0a483bffff
黎忠公園,25.019079,121.559371,894ba0a4adbffff
黎富公園,25.021009,121.556701,894ba0a5da7ffff
黎雙公園,25.02498,121.563468,894ba0a4a9bffff
糶米公園,25.018614,121.572468,894ba0a4a07ffff
太子綠地,25.04519,121.577072,894ba0a4887ffff
交六,25.049329,121.570869,894ba0a4c2bffff
松光綠地,25.039499,121.578529,894ba0a4803ffff
松隆綠地,25.034959,121.580108,894ba0a4873ffff
信義350綠地,25.03923,121.562568,894ba0a4ea7ffff
信義351號綠地,25.03918,121.565437,894ba0a48dbffff
信義353號綠地 (,25.032749,121.567718,894ba0a4e27ffff
信義354號綠地,25.02946,121.56842,894ba0a4a97ffff
信義355號綠地,25.030899,121.568336,894ba0a485bffff
信義356號綠地,25.03338,121.573707,894ba0a4843ffff
信義382號綠地 (,25.023359,121.568237,894ba0a4a8fffff
崇德綠地,25.024219,121.55545,894ba0a4e7bffff
黎平綠地,25.023189,121.557121,894ba0a4e6bffff
市民廣場,25.03664,121.562751,894ba0a4eafffff
忠信廣場,25.04054,121.567909,894ba0a48d3ffff
信義20號廣場,25.048749,121.577583,894ba0a4d4bffff
信義21號廣場,25.03473,121.564468,894ba0a4e37ffff
信義廣場,25.033479,121.56604,894ba0a4e27ffff
厚生廣場,25.043409,121.568099,894ba0a4c6fffff
景聯廣場,25.03252,121.561401,894ba0a4e3bffff
三重世貿公園,25.057929,121.615386,894ba1d3267ffff
中南公園,25.051219,121.61547,894ba1d14c3ffff
中研公園,25.04689,121.613052,894ba1d14cbffff
中興公園,25.0442,121.614852,894ba1d145bffff
六福公園,25.04726,121.616508,894ba1d14cfffff
四分河濱公園,25.048629,121.615692,894ba1d14cfffff
市民公園,25.049289,121.581733,894ba0a4d4fffff
玉成公園,25.042549,121.585502,894ba0a48afffff
玉東公園,25.050188,121.584156,894ba0a4d7bffff
合成18號綠園,25.04626,121.582916,894ba0a48a3ffff
合成8號綠園,25.05083,121.593788,894ba0a499bffff
合成公園,25.045099,121.581138,894ba0a48bbffff
合樂公園,25.0485,121.581886,894ba0a48b3ffff
百福公園,25.037939,121.588539,894ba0a482fffff
幸福公園,25.04602,121.61605,894ba1d1453ffff
昆陽公園,25.048719,121.5942,894ba0a49d7ffff
東坡公園,25.04523,121.593307,894ba0a49c7ffff
東明公園,25.0548,121.603637,894ba1d324fffff
東陽公園,25.057439,121.603736,894ba1d3243ffff
南汐公園,25.054679,121.617691,894ba1d148bffff
南港公園,25.043069,121.591911,894ba0a49cbffff
南興公園,25.054019,121.606903,894ba0a49b7ffff
後山埤公園,25.04371,121.58995,894ba0a49dbffff
胡適公園,25.03992,121.617912,894ba1d16b3ffff
重陽公園,25.0562,121.599151,894ba1d325bffff
理想公園,25.039869,121.621589,894ba1d16b7ffff
瓶蓋印象公園,25.053719,121.606226,894ba0a49b7ffff
港後公園,25.062749,121.615379,894ba1d322bffff
湧聲公園,25.043279,121.592758,894ba0a49cfffff
新勝公園,25.048849,121.593162,894ba0a49d7ffff
新富公園,25.05303,121.616958,894ba1d14c7ffff
新新公園,25.051391,121.588752,894ba0a4d63ffff
萬福公園,25.046249,121.584449,894ba0a48a3ffff
經貿公園,25.06258,121.616363,894ba1d322bffff
福山公園,25.0447,121.617851,894ba1d1443ffff
興南公園,25.05512,121.597396,894ba0a4997ffff
興華公園,25.05677,121.604789,894ba1d324fffff
錫口廊道,25.051006,121.579931,894ba0a4d43ffff
聯成公園,25.04659,121.587219,894ba0a48a7ffff
舊莊公園,25.04137,121.620269,894ba1d144fffff
九如綠地,25.03856,121.61631,894ba1d1687ffff
四分綠地,25.035881,121.615001,894ba1d168fffff
成福綠地,25.04537,121.592948,894ba0a49c3ffff
成德綠地,25.046449,121.587463,894ba0a48a7ffff
東明綠地,25.054269,121.600692,894ba1d324bffff
東新綠地,25.05359,121.602447,894ba0a49b3ffff
南深綠地,25.037929,121.623161,894ba1d16a7ffff
南港29號綠地,25.04239,121.617233,894ba1d144bffff
南港65號園區綠地,25.05903,121.614219,894ba1d3267ffff
新坡綠地,25.03561,121.617752,894ba1d16bbffff
新南綠地,25.051849,121.606552,894ba0a49a3ffff
新陽綠地,25.05693,121.603416,894ba1d324fffff
合心廣場,25.046609,121.583457,894ba0a48a3ffff
南港五號廣場,25.054069,121.5998,894ba0a4997ffff
140高地,25.00358,121.569602,894ba0a59afffff
久康公園,24.989349,121.564582,894ba0a596bffff
小坑1號公園,24.983379,121.585227,894ba1da623ffff
文山(景美)49號公,24.995889,121.547851,894ba0a5837ffff
文山木柵59號公園,24.98526,121.58258,894ba1da63bffff
文山森林公園,25.00435,121.548322,894ba0a5d7bffff
木南公園,24.98653,121.570838,894ba1da6c7ffff
木柵公園,24.986949,121.560462,894ba0a5ba3ffff
木新公園,24.982219,121.558036,894ba0a5babffff
木榮公園,24.98464,121.568656,894ba1da6c3ffff
水景公園,24.98698,121.586837,894ba1da637ffff
仙岩公園,24.99797,121.549362,894ba0a59dbffff
光明公園,24.986469,121.55471,894ba0a5b87ffff
光輝公園,24.98612,121.555839,894ba0a5b87ffff
辛亥生態公園,25.003685,121.556764,894ba0a598bffff
坡內坑公園,25.00497,121.576553,894ba1da4c3ffff
忠順公園,24.98314,121.561141,894ba0a5bafffff
忠順萊茵公園,24.98678,121.565368,894ba1da6d3ffff
明義公園,24.988069,121.560981,894ba0a5bb7ffff
芳寧公園,25.004529,121.563278,894ba0a59bbffff
保儀公園,24.983539,121.563468,894ba0a5bafffff
恆光公園,24.98241,121.567588,894ba1da6cbffff
原野運動公園,24.997129,121.571372,894ba0a5923ffff
博嘉公園,25.00045,121.573539,894ba0a5927ffff
景仁公園,24.996669,121.5401,894ba0a5817ffff
景行公園,24.992519,121.542778,894ba0a5807ffff
景美公園(原萬慶公園,24.99402,121.537597,894ba0a5813ffff
景美運動公園,25.00254,121.544517,894ba0a58b3ffff
景華公園,24.995189,121.543792,894ba0a5807ffff
景福公園,24.995679,121.540321,894ba0a5817ffff
景豐公園,25.000129,121.545051,894ba0a58a3ffff
華興公園,24.98917,121.550468,894ba0a5b93ffff
順興公園綠地,24.986089,121.564376,894ba0a5ba7ffff
新榮公園,24.983329,121.57022,894ba1da6cfffff
椰城公園,25.006359,121.568702,894ba0a59a3ffff
萬年1號公園,25.005699,121.536201,894ba0a5c2fffff
萬年2號公園,25.005699,121.536201,894ba0a5c2fffff
萬年3號公園,25.00704,121.536926,894ba0a5c27ffff
萬有1號公園,24.99983,121.542953,894ba0a58bbffff
萬有2號公園,25.000709,121.5419,894ba0a58b3ffff
萬有3號公園,24.99872,121.543098,894ba0a58bbffff
萬和1號公園,25.00049,121.536323,894ba0a5883ffff
萬和2號公園,25.001489,121.536537,894ba0a5883ffff
萬和3號公園,25.00381,121.536338,894ba0a5c2fffff
萬芳10號公園,25.001649,121.562492,894ba0a5917ffff
萬芳11號公園,25.003049,121.563079,894ba0a5917ffff
萬芳12號公園,25.00147,121.563583,894ba0a5917ffff
萬芳13號公園,25.001729,121.565399,894ba0a59abffff
萬芳14號公園,25.00032,121.56533,894ba0a5907ffff
萬芳1號公園,24.99986,121.566726,894ba0a5907ffff
萬芳2號公園,24.9992,121.566772,894ba0a5907ffff
萬芳3號公園,24.99925,121.5671,894ba0a5907ffff
萬芳4號公園,25.001539,121.567527,894ba0a59abffff
萬芳6號公園,24.9995,121.569183,894ba0a5933ffff
萬芳7號公園,25.001579,121.566162,894ba0a59abffff
萬芳8號公園,25.003009,121.560462,894ba0a598fffff
萬芳9號公園,25.001779,121.561477,894ba0a5913ffff
萬盛公園,25.005149,121.541061,894ba0a5d4bffff
萬壽1號公園,24.98747,121.589218,894ba1da0cbffff
萬壽2號公園,24.987369,121.589561,894ba1da0cbffff
萬壽3號公園,24.98542,121.586082,894ba1da623ffff
萬興櫻花生態景觀公園,24.991541,121.573103,894ba1da683ffff
試院公園,24.987789,121.547317,894ba0a5867ffff
福興公園,25.003999,121.548156,894ba0a5d6bffff
樟林公園,24.98464,121.559211,894ba0a5ba3ffff
樟新公園,24.97919,121.556953,894ba0a5b07ffff
樟樹公園,24.982719,121.559371,894ba0a5babffff
樟興公園,24.98067,121.554122,894ba0a5b13ffff
興旺公園,25.00584,121.55046,894ba0a5d63ffff
興家公園,24.994729,121.560821,894ba0a590bffff
興泰公園,25.00481,121.55548,894ba0a599bffff
興隆公園,25.000139,121.551086,894ba0a59d3ffff
興福公園,24.997119,121.545967,894ba0a58afffff
興德綠色步道,24.99477,121.559539,894ba0a5957ffff
興豐公園,25.00019,121.551269,894ba0a59d3ffff
文山50號綠地,24.990789,121.575088,894ba1da683ffff
文山木柵60號綠地,25.000429,121.583251,894ba1da447ffff
木柵14號綠地,24.99163,121.551528,894ba0a582fffff
木柵17號(秀明綠地,24.98903,121.564811,894ba0a596bffff
木柵49號綠地,24.99308,121.573669,894ba1da683ffff
指南綠地,24.983009,121.579673,894ba1da60fffff
軍功綠地,25.001279,121.572677,894ba0a5937ffff
清溪綠地,24.985069,121.580551,894ba1da607ffff
景美29號綠地,24.99637,121.551818,894ba0a59cbffff
景美30號綠地,25.000749,121.555198,894ba0a59d7ffff
景美32號綠地,25.00922,121.55796,894ba0a5d2fffff
萬利綠地,25.000289,121.56475,894ba0a5907ffff
萬利綠地,25.000289,121.56475,894ba0a5907ffff
